comment,label
"ib em nhận ưu đãi vay vốn lãi suất thấp, gọi 0909123456",spam
zalo 0988123456 để nhận bảng giá sỉ mỹ phẩm,spam
ai cần tăng follow inbox mình nhé,spam
"mua hàng chính hãng giá rẻ, click link http://bit.ly/test",spam
"tuyển cộng tác viên online lương 500k/ngày, ib ngay",spam
"nhà đất giá tốt khu vực thủ đức, liên hệ 0911222333",spam
kết bạn zalo để nhận tài liệu miễn phí,spam
có ai cần chạy quảng cáo facebook không ạ,spam
"shop em đang sale mạnh, inbox để lấy mã giảm giá",spam
telegram @khuyenmai247 nhận kèo hôm nay,spam
"việc nhẹ lương cao cho sinh viên, ib để biết thêm",spam
mua sim số đẹp liên hệ 0977123456,spam
"bán acc game giá rẻ uy tín, ib ngay",spam
xem thêm tại www.sale-giare.vn,spam
đăng ký khóa học kiếm tiền online miễn phí tại link này,spam
"cần khách sỉ quần áo, add zalo cho em nha",spam
"bảo hiểm giá tốt cho mọi nhà, để lại số điện thoại",spam
"mở thẻ tín dụng hoàn tiền, inbox em tư vấn",spam
ai cần phần mềm tăng tương tác fb ib mình,spam
"ưu đãi duy nhất hôm nay, comment sdt để nhận quà",spam
tham gia nhóm kín nhận signal miễn phí,spam
"nhận làm visa giá rẻ, gọi 0933333444",spam
bán thuốc giảm cân hiệu quả 100 phần trăm,spam
mua lượt xem livestream ib mình nhé,spam
dịch vụ seeding comment inbox để biết giá,spam
bài viết rất hay và hữu ích,clean
cảm ơn admin đã chia sẻ thông tin,clean
mình thấy nội dung này hợp lý,clean
đúng là nên xử lý nghiêm trường hợp này,clean
"quá tuyệt vời, chúc mừng chương trình",clean
mong có thêm nhiều bài viết như thế này,clean
"thông tin khá đầy đủ, cảm ơn bạn",clean
mình không đồng ý nhưng vẫn tôn trọng ý kiến của bạn,clean
gia đình mình cũng từng gặp trường hợp tương tự,clean
đọc xong thấy rất xúc động,clean
nội dung cần được lan tỏa nhiều hơn,clean
chúc các bạn nhiều sức khỏe,clean
mình nghĩ giải pháp này khá khả thi,clean
bài phân tích rất rõ ràng,clean
thật đáng buồn cho hoàn cảnh này,clean
